{"Accels": [1.0, 1.0, 1.0], "AccelBias": [-18.79034, 39.05687, 11.72479], "GyroBias": [0.004510132125203933, -0.06926055572135574, 0.15777472833031841], "Mags": [1.878397883088766, 0.5511787346644215, 0.5704233822468125], "MagBias": [9.111270743955568, -2.673522327218825, 2.766869533406498]}
